山镇,1
包装,1
鉴定,1
整村,1
确保,1
集聚,1
技术标准,1
交货值,1
体育局,1
清查,1
年满,1
精神食粮,1
营业,1
树立,1
农村公路,1
直供,1
信用,1
制药,1
实有,1
走访,1
凝聚,1
整机,1
对经,1
下同,1
大户,1
党中央,1
为主,1
第三年,1
审核,1
记录,1
美德,1
改为,1
管理系统,1
消防,1
试点县,1
见成效,1
影院,1
二幼到,1
解决问题,1
多名,1
保险业务,1
配置,1
稻谷,1
五年,1
平等,1
第九,1
更强,1
收集,1
事务局,1
新闻,1
上饶,1
经营收入,1
内涵,1
产品产量,1
锰矿石,1
消除,1
青山,1
月初,1
难侨,1
仓储,1
职能,1
房地产业,1
总工期,1
万米,1
助保贷,1
产生,1
归镇,1
穿越,1
半导体,1
星级,1
由于,1
依法,1
开局,1
岗位,1
此外,1
终点,1
第十三届,1
殷切希望,1
教育部门,1
这是,1
省道,1
分析仪,1
矿等,1
卷烟,1
烟酒,1
实力,1
简化,1
年卡票,1
更广,1
双重,1
口镇,1
城际,1
意见,1
生态建设,1
不断,1
二次,1
用品,1
动摇,1
其次,1
建成区,1
人大代表,1
生物,1
资质等级,1
局域网,1
满意度,1
点上,1
多用,1
专家组,1
工商联,1
欠发达,1
青岛,1
有利,1
破除,1
营运,1
内河,1
救济,1
便捷,1
服务员,1
专项,1
金财,1
技术推广,1
建成投产,1
缓坡,1
工业生产,1
称号,1
进一步提高,1
狠抓,1
存贷款,1
法制,1
演艺,1
摸索,1
新址,1
差别,1
双到,1
才能,1
已有,1
校长,1
江尾,1
一表,1
实地,1
体育彩票,1
猪肉,1
述责述,1
七道,1
思想束缚,1
互认,1
三农,1
路底,1
软件系统,1
香港,1
文广,1
审计局,1
指以,1
起点,1
稳步发展,1
路经,1
免除,1
广东省委,1
调节,1
阔叶树,1
武广,1
接收站,1
附近,1
损害,1
节能灯,1
覆盖面积,1
分类,1
折款,1
连续,1
古道,1
东街,1
二极管,1
审议,1
珍贵,1
工伤保险,1
代价,1
原市,1
适度,1
第一,1
证券,1
楼前,1
加工水平,1
宗局,1
册次,1
具体实施,1
生态旅游,1
关心,1
烟厂,1
衷心,1
澜河,1
亿千瓦时,1
万鸿,1
机遇,1
药品监督管理局,1
旨在,1
团结奋斗,1
武江区,1
联系群众,1
百旺路,1
百年,1
邮电通信,1
复垦,1
敏于,1
特殊,1
回收,1
新兴路,1
包容性,1
三资企业,1
筹建,1
茶叶,1
管网,1
种植业,1
同意,1
苗木,1
固定,1
抢抓,1
学位,1
万套,1
确诊,1
粮食产量,1
钨矿,1
洁净,1
产值,1
网络平台,1
收到,1
运行机制,1
文风,1
联村,1
用党,1
通天塔,1
九曲,1
对待,1
林木,1
供应链,1
虚心听取,1
交给,1
定名,1
成绩排名,1
发文,1
万多,1
客房,1
安监局,1
村委,1
理想,1
医疗保健,1
总体规划,1
共赢,1
村集,1
布局调整,1
交底,1
芬兰,1
十一,1
勇气,1
文明委,1
文化节,1
洞村,1
人次,1
新农,1
镇葸,1
储存,1
屏障,1
坚强,1
民主监督,1
必背,1
不断完善,1
担保,1
信贷,1
一代,1
电动汽车,1
调整结构,1
风尚,1
崭新,1
生产性,1
慈善事业,1
救助金,1
机关作风,1
分区,1
总评,1
防洪,1
林由,1
研究,1
涉农,1
妇幼保健,1
联动,1
米长,1
签订,1
主导作用,1
丰富,1
庆典,1
通称,1
政务信息,1
环境监测,1
脱贫,1
镇马,1
人行,1
体现,1
观光,1
廉价,1
自身,1
权益日,1
贷存比,1
博物馆,1
已经,1
配送,1
展会,1
督促,1
互动,1
撬动,1
维修服务,1
就业率,1
桥村,1
首家,1
妇女儿童,1
透明度,1
便民店,1
风度,1
贡献率,1
南岭,1
西联,1
来之不易,1
竹子,1
山区县,1
五星级,1
商务会议,1
坚定信心,1
出生率,1
手机,1
供后,1
进取,1
聘用,1
意义,1
新区,1
配件厂,1
实验区,1
服装出口,1
牢固,1
事业有成,1
越堡,1
办复率,1
商业银行,1
成绩显著,1
塑胶跑道,1
矿山,1
发卡,1
贫困地区,1
待售,1
物价局,1
损失,1
投资者,1
刑事,1
蓝天,1
赔偿,1
物流配送,1
超过,1
镇妙,1
利润,1
河口,1
目前,1
经信局,1
实用技术,1
商铺,1
综合治理,1
试验,1
修建,1
积极探索,1
助学,1
各种,1
程度,1
联盟,1
上网,1
践行,1
科学技术,1
批复,1
低碳,1
新一代,1
总支出,1
框架,1
高等级,1
达效,1
或者,1
兼并,1
活立木,1
外经,1
吞吐量,1
桥头,1
金鸡岭,1
社会保险,1
油泵,1
无线,1
肉类,1
供电,1
分离,1
高质量,1
地产,1
车辆,1
数据,1
山村,1
偏慢,1
医患,1
新型建材,1
中心站,1
新版,1
计生局,1
路子,1
化肥,1
幸福感,1
利润率,1
丹霞,1
煤炭,1
山林,1
军供,1
湿地,1
面临,1
两建,1
百芙绿道,1
相关,1
棉厂,1
举报,1
上市,1
拟定,1
蓄水量,1
面上,1
建设项目,1
已可供,1
台湾,1
三项,1
高效,1
左右,1
素质,1
严查,1
车轮,1
征管,1
横岭,1
个人消费,1
机制纸,1
村镇,1
军人,1
城市污水,1
政府办,1
十一届,1
丘屋,1
灌溉面积,1
原甘,1
亏损额,1
当中,1
澄江镇,1
清运,1
播种面积,1
不确定性,1
通知,1
初显,1
一般,1
活跃,1
一户,1
下半年,1
分百旺,1
各地,1
务实,1
制止,1
立体化,1
火电,1
耕地面积,1
税收收入,1
敬意,1
修通,1
市发,1
对台,1
便利店,1
已于,1
壮大,1
屋村,1
水口,1
相应,1
事件,1
标志,1
凡口,1
桉树林,1
非农业,1
中医药,1
捐赠,1
强县,1
教育资源,1
时能,1
绿地面积,1
适用,1
白炽灯,1
中长期,1
康复中心,1
开工典礼,1
万门,1
文化名城,1
本级,1
户收,1
有利于,1
项目前期,1
油茶,1
双向,1
公斤,1
导向,1
需跨,1
下岗,1
第一批,1
生物质,1
肉禽蛋,1
统保,1
西河,1
工程施工,1
咪表,1
法制局,1
连锁,1
废弃,1
教学计划,1
乳腺癌,1
攻坚克难,1
次卡票,1
克服,1
胡村,1
工作人员,1
核算,1
梅关,1
信息网络,1
这一,1
新局,1
装修,1
所得,1
要带头,1
蓄积量,1
中机,1
各项任务,1
适龄儿童,1
市民化,1
办证,1
评比,1
合理配置,1
税收,1
插电式,1
大力支持,1
做大,1
成品,1
做文章,1
同等待遇,1
阶段性,1
促进作用,1
价格指数,1
这些,1
美国,1
货场,1
社会治安,1
滚动轴承,1
拓展,1
城至沐溪,1
水渠,1
思路,1
国企改革,1
千名,1
公共卫生,1
首先,1
积分,1
不快,1
名称,1
罗坑,1
收尾,1
金融危机,1
洛阳镇,1
保险业,1
出资,1
流动,1
逆势,1
坚决,1
路灯,1
落户,1
驻韶,1
优惠政策,1
两区,1
民族团结,1
送岗,1
农家,1
机电产品,1
桥梁,1
江湾镇,1
专家库,1
量质,1
小康社会,1
韶铸,1
重要讲话,1
卫星,1
两年,1
防护,1
技术创新,1
韶钢,1
清洁,1
对照,1
重建,1
全日制,1
美卓,1
交通工具,1
制作,1
传输,1
在册,1
通电,1
各界人士,1
子站,1
联系,1
交通网络,1
建议案,1
投融资,1
交换机,1
密切联系,1
滞后,1
轴承,1
全长约,1
发布,1
粗放,1
讨论,1
特钢,1
泵站,1
势头,1
停留,1
乡亲,1
容量,1
特种,1
梳理,1
配建,1
让利,1
林桥,1
授课,1
运动会,1
已为,1
不底,1
简称,1
突破,1
优抚对象,1
施用量,1
工作量,1
每户,1
金融业,1
加以解决,1
工程建设,1
家庭设备,1
寿命长,1
需要,1
品种,1
环节,1
红利,1
意见建议,1
紧密结合,1
国务院,1
土地出让,1
补植,1
永济,1
采集,1
标准规定,1
数达,1
环山公路,1
贯彻落实,1
医疗点,1
每斤,1
调查队,1
名录,1
交易额,1
新丰县,1
批后,1
储备库,1
处理,1
景点,1
福苑,1
通讯器材,1
光盘,1
奔康,1
每日,1
非工程,1
意向性,1
粮食,1
市域,1
联审,1
集散地,1
从事,1
隧道,1
文化用品,1
驱动力,1
光效,1
门诊,1
快捷,1
屏幕,1
努力奋斗,1
控制中心,1
供应,1
崇高,1
采取措施,1
放映,1
样板,1
同比,1
观景,1
朋友,1
烹调,1
通卡,1
矿山机械,1
产业链,1
旅行社,1
考核办法,1
评价,1
起来,1
限制,1
供给,1
湾头,1
综合性,1
办于,1
二类,1
货物,1
归属感,1
守信,1
研发,1
规模经营,1
不够,1
予以,1
服装业,1
多种,1
衣着,1
江南,1
林下,1
治污,1
相对,1
水源地,1
在院,1
一期,1
达产,1
万册,1
裁量权,1
韶华,1
人民解放军,1
控制目标,1
田家炳,1
精细化工,1
大修,1
文娱,1
汇率,1
高耗能,1
双元,1
针纺织品,1
标准化,1
融合,1
松林,1
市直,1
康路,1
建工,1
潜力,1
率均,1
农居,1
懒散,1
教材,1
创意,1
日臻成熟,1
进步事业,1
行政性,1
评选,1
无党派人士,1
品德,1
价值观,1
解答,1
优先发展,1
劳动生产率,1
平面,1
宝山,1
出口商品,1
以人为本,1
至曲,1
金融街,1
仁深,1
激励,1
食用,1
同胞,1
比率,1
山路,1
交通运输,1
骨干企业,1
扩建,1
中职,1
取向,1
授予,1
救护,1
师生,1
化解,1
疏残林,1
改局,1
无线电,1
协议书,1
基本农田,1
兑现,1
村村通,1
招好商,1
群测群防,1
首发,1
栈道,1
无偿献血,1
实惠,1
经营机制,1
效率,1
保值,1
美元,1
油料,1
重中之重,1
全局,1
凡口矿,1
新闻出版,1
监察局,1
江边,1
冲一,1
住房面积,1
招生数,1
社区卫生,1
更具,1
水电,1
瑶坑,1
出生,1
规划设计,1
线莞韶园,1
若干,1
通关,1
南雄市,1
院内,1
扶贫,1
排头兵,1
破旧,1
二幼,1
轻工业,1
能动,1
乡土,1
畜牧业,1
原则,1
拆迁,1
公积金,1
危房,1
空间,1
开创,1
标准煤,1
出行,1
居民收入,1
仓库,1
工资,1
燃料电池,1
本职工作,1
公益,1
贡献奖,1
存款,1
创业,1
提案,1
不高,1
营业额,1
审查,1
注册,1
释放,1
财政收入,1
不间断,1
古巷,1
补足,1
入境,1
海内外,1
诊室,1
稳妥,1
时期,1
大班额,1
生态村,1
平均气温,1
公共设施,1
外经贸局,1
科技局,1
环线,1
工商业,1
开发商,1
依托,1
户户,1
公报,1
窗口,1
智能化,1
万多元,1
地铁,1
三大,1
农业局,1
诚意,1
医疗纠纷,1
人群,1
水土流失,1
实时,1
总结,1
接待,1
港口,1
以来,1
珠玑,1
监理,1
行政化,1
热心,1
违章建筑,1
国资委,1
划拨,1
专利,1
自学,1
签约,1
技改,1
电场,1
千乡,1
主题,1
低丘,1
佳绩,1
关注,1
比上,1
疾病,1
权力,1
东华,1
社会公德,1
维权,1
加紧,1
排水渠,1
高标准,1
通车,1
听涛,1
水产品,1
江滨,1
单向,1
亿人,1
镇运,1
小星星,1
对此,1
另因,1
设置,1
警示牌,1
档案馆,1
低于,1
值班室,1
以往,1
回韶,1
获得,1
暂时,1
专业化,1
围绕,1
作业,1
疏导,1
成本低,1
生态效益,1
价值,1
加剧,1
社团组织,1
之后,1
进口,1
日常生活,1
大厅,1
增值率,1
丹冶,1
厕所,1
土建,1
农副产品,1
精细化,1
其它,1
浈江区,1
货运,1
威斯,1
站场,1
均衡,1
再创,1
合法性,1
车头,1
东站,1
验收,1
重新,1
主城区,1
市运会,1
一扇,1
动员,1
管理体制,1
产品名称,1
位列,1
一家,1
合计,1
回归,1
演出,1
铅锌矿,1
万紫千红,1
超额,1
武警官兵,1
更为,1
平均收入,1
分工协作,1
重要环节,1
良好,1
比较,1
碧水,1
不足,1
群众利益,1
职业道德,1
先试,1
韶赣,1
关于,1
娱等,1
考虑,1
文件,1
合格,1
毕业,1
创新型,1
跨越,1
万车,1
创意设计,1
旧城,1
安全工程,1
由莞韶,1
面向,1
新村,1
关键作用,1
人工,1
惩防,1
小区,1
党风廉政,1
折算,1
省级重点,1
安装费,1
获省,1
管理水平,1
使市,1
认定,1
妨碍,1
一项,1
保险公司,1
粮食作物,1
工作作风,1
支撑力,1
财政政策,1
行动计划,1
镇公坑,1
木材厂,1
解放路,1
能够,1
信息技术,1
寄宿制,1
文书,1
较长,1
项目区,1
弱势群体,1
参合,1
导游,1
伤亡,1
低保户,1
腐败,1
用户数,1
持卡人,1
繁荣,1
啤酒节,1
农田水利,1
尽力,1
玻璃,1
公民道德,1
制造,1
群策群力,1
生物医药,1
分公司,1
该步,1
开业,1
东亚银行,1
存在,1
渔业,1
污染监测,1
山区,1
电视机,1
小坑,1
防火线,1
绩效,1
学龄,1
花坛,1
支柱,1
指引,1
再造,1
台泥,1
十种,1
恒大,1
保洁,1
以六普,1
公安局,1
人民政府,1
透明,1
合法权益,1
卡内,1
钨丝,1
论证,1
现象,1
提名,1
文体,1
选录,1
猪公,1
金属制品,1
在改革中,1
充气,1
人民调解,1
股份公司,1
局面,1
病例,1
创强,1
市直机关,1
公建,1
实际困难,1
恩格尔系数,1
红星村,1
鞋帽,1
搞活,1
政策性,1
原理,1
人居,1
总公司,1
主管,1
钢铁工业,1
入园率,1
便利,1
二级,1
光源,1
养殖场,1
首位,1
特殊教育,1
仍然,1
百平方公里,1
场地,1
加密,1
上涨,1
类型,1
水务局,1
划型,1
宜林,1
现场办公,1
扭住,1
疑似病例,1
营造,1
入学,1
无污染,1
东方广场,1
移民区,1
路桥,1
功能定位,1
满足感,1
民办,1
一并,1
市医,1
平均水平,1
财力,1
每百人,1
至龙,1
史志,1
全安镇,1
录用,1
消耗量,1
宽带用户,1
畜禽,1
食品饮料,1
快速增长,1
给予,1
高效率,1
粗加工,1
宽度,1
倡导,1
护税,1
列入,1
有机,1
治疗,1
沙溪镇,1
特困户,1
羌坑,1
物价,1
占地,1
状况,1
合二为一,1
混合,1
一张,1
出版,1
数十年,1
增长率,1
公顷,1
二期工程,1
高技术,1
大型,1
提前,1
公平性,1
全面落实,1
应对,1
幼儿,1
剧场,1
实施办法,1
受伤,1
六连增,1
水价,1
城市道路,1
经济效益,1
随时随地,1
停止,1
第十届,1
院大,1
红砂岩,1
广电,1
短期,1
过程,1
升学率,1
加固,1
事权,1
洛阳,1
衍生,1
台籍,1
中央商务区,1
督办,1
养老金,1
切实增强,1
第三次,1
电力,1
正式,1
安排,1
业态,1
优抚,1
百校,1
入户,1
大坪,1
进场,1
农家乐,1
老区,1
储蓄存款,1
权属,1
护士,1
增长点,1
矿区,1
路网,1
食材,1
环形,1
改水,1
荒地,1
聚集,1
高铁,1
发展趋势,1
英雄,1
清醒,1
协商,1
太阳城,1
带头人,1
中小学,1
至韶冶段,1
第九届,1
紧迫感,1
消耗,1
巨头,1
负责制,1
雄州,1
五保户,1
成套设备,1
铺装,1
个村,1
请予,1
公务员,1
物资,1
白云村,1
厚于,1
清理,1
绿化率,1
党政机关,1
挂牌,1
自己,1
城镇人口,1
物质,1
菜市场,1
小型,1
示寂,1
时序,1
内容,1
财政投入,1
短文,1
排放,1
三角,1
爆发,1
片区,1
南湖,1
基色,1
液压,1
西气东,1
推迟,1
科学化,1
工商,1
木屋,1
三道,1
文艺演出,1
选定,1
组合,1
人士,1
登记注册,1
破产,1
电能,1
华电,1
跨江,1
折纯,1
武装头脑,1
制药厂,1
生活空间,1
地震,1
通行,1
取消,1
停车场,1
国土资源,1
枯竭,1
福祉,1
指对,1
并联,1
使用方便,1
简政,1
旧版,1
规律,1
召开,1
国家统计局,1
战略规划,1
社保,1
资质,1
大商,1
码头,1
东南,1
流动人口,1
中部,1
围城,1
职称,1
咨询,1
垄断,1
赔付,1
所以,1
企业债券,1
缩小,1
实事求是,1
文化遗产,1
团队,1
重大项目,1
表彰,1
寿险,1
建筑材料,1
价格比,1
工业品,1
调研,1
出厂价格,1
社会各界,1
个人用品,1
探明,1
总费用,1
正星,1
切身利益,1
相互,1
休工,1
充分利用,1
粮食局,1
防火,1
纠正,1
原料,1
药包,1
抓住机遇,1
正版软件,1
会计,1
防护栏,1
分支机构,1
莞韶,1
原新,1
编印,1
司法局,1
感谢,1
工信部,1
确保安全,1
径流,1
一带,1
调频,1
廉洁自律,1
体育设施,1
轮渡,1
国有企业,1
一个,1
分配关系,1
三是,1
农惠农,1
送学,1
后审,1
公告,1
公交车站,1
再生资源,1
马头镇,1
站网,1
开短会,1
大宗,1
协税,1
不尚空谈,1
福利院,1
及早,1
首批,1
压桩,1
日照时数,1
老龄,1
人防办,1
用水,1
第一期,1
纸板,1
人造板,1
短话,1
联产,1
蚕茧,1
管出,1
一卡,1
指由,1
康复,1
道路交通,1
满意,1
亿吨公里,1
四级,1
征收,1
均衡性,1
竹木,1
倒逼,1
交换,1
华寺,1
淋头,1
滨江路,1
项获,1
调委,1
锅溪村,1
至当,1
商务酒店,1
节点,1
查询,1
烹饪,1
农业机械,1
城中,1
人均收入,1
高等学校,1
碧桂园,1
专家,1
入主,1
人事,1
文件精神,1
依据,1
药物,1
一号,1
农家菜,1
医师,1
服务网络,1
表示满意,1
下乡,1
估算,1
万村,1
网点,1
自然,1
一倍,1
冲突,1
原有,1
白天,1
利润总额,1
东光,1
化工,1
艾学峰,1
结算,1
工程技术,1
亮点,1
主导产业,1
合作医疗,1
专家论证,1
水利,1
最低,1
人才资源,1
举措,1
宗教,1
工作者,1
藏量,1
火灾事故,1
光能,1
欧盟,1
更新,1
实施方案,1
装卸,1
原来,1
终端产品,1
长约,1
促成,1
场馆,1
成本费用,1
热电,1
园前,1
齐升,1
沿线,1
福利彩票,1
当前,1
芙址,1
富民,1
花生,1
抗灾,1
力量,1
发改局,1
多个,1
万千瓦,1
专户,1
追求,1
新兴产业,1
限时,1
充分体现,1
矿产资源,1
预报,1
亩产,1
保障机制,1
忧患意识,1
停放,1
替代,1
流通费用,1
相互依存,1
技术,1
工商部门,1
就业人数,1
三方,1
降雨量,1
附加,1
影剧院,1
多位,1
沙土,1
五改,1
总长,1
代理,1
一些,1
赣韶,1
日至,1
落地,1
工种,1
套种,1
列席,1
公园,1
大多,1
二氧化硫,1
不利因素,1
门类,1
承载,1
省市,1
幸福美好,1
家园,1
下基层,1
富县,1
高层次,1
信贷资金,1
业主,1
按程序,1
资料,1
居住用地,1
科次,1
流通业,1
自愿,1
开户数,1
交易平台,1
旅游局,1
正确处理,1
过去,1
瑶族,1
功耗,1
畅达,1
布局,1
紫薇,1
物流园区,1
圆寂,1
分担,1
香烟,1
发电量,1
回顾,1
铜矿,1
执业,1
靠前,1
推广应用,1
权益,1
成人,1
三打,1
塘村,1
万多户,1
旅店,1
亏损企业,1
罗坝,1
迈出,1
依然,1
常态,1
获取,1
毕业生,1
钼矿,1
汕昆,1
亮化,1
专线,1
位置,1
成效显著,1
文化站,1
贯通,1
民商事,1
商事,1
油脂厂,1
地界,1
标段,1
战略性,1
伤残,1
吸引力,1
初见成效,1
文化娱乐,1
双赢,1
自主权,1
扩园,1
建筑物,1
碘盐,1
按时,1
星火计划,1
全会,1
资产负债率,1
电力工业,1
日本,1
精深,1
明确规定,1
徒步,1
第二位,1
免费送,1
离岗,1
读物,1
合理布局,1
门站,1
更新改造,1
机动车,1
消雪岭,1
中金,1
公平竞争,1
发行,1
前进,1
农林牧渔业,1
完工,1
群众性,1
车用,1
经营者,1
线华溪,1
院团,1
服务项目,1
邮电,1
稳步,1
助理,1
社区服务,1
号路,1
交界,1
环境卫生,1
油嘴,1
档案局,1
大酒店,1
移动电话,1
通航,1
月份,1
撤销,1
方洞,1
四项,1
石漠化,1
硬道理,1
市中心,1
科技成果,1
自由,1
发电厂,1
劳动者,1
水文,1
股份制,1
政协提案,1
购车,1
市政工程,1
市图书馆,1
全民,1
产业布局,1
合理安排,1
时限,1
基站,1
新批,1
扫黄打非,1
餐饮,1
高峰,1
工作日,1
采伐,1
全面推广,1
三联,1
泊位,1
明显,1
中转站,1
殡仪馆,1
中小学校,1
所属单位,1
生产能力,1
文艺,1
出租,1
商家,1
职业病,1
集成,1
履行职责,1
大类,1
工作效率,1
东西南北,1
门票,1
经济运行,1
特困,1
禅宗,1
港澳地区,1
以内,1
圆满完成,1
诚信,1
地面,1
生产者,1
四大,1
打响,1
学前,1
事关,1
铁矿石,1
数字,1
双轮,1
快递,1
当天,1
防震,1
主营业务,1
政协委员,1
快速,1
整顿,1
食品类,1
打开,1
集约化,1
工矿企业,1
人民代表大会,1
运营,1
名词解释,1
韶钢优,1
跟踪服务,1
为先,1
增设,1
亿立方米,1
画面,1
规划局,1
七大,1
诚实,1
助益,1
仪等,1
消解,1
数十名,1
诚于,1
荒废,1
路口,1
工业化,1
文化馆,1
考评,1
概算,1
做优,1
考试,1
八大,1
硬底化,1
成品油,1
数据库,1
远程,1
引领,1
有线电视,1
交通事故,1
数千,1
游溪镇,1
河沙,1
环境保护,1
工业用地,1
残次林,1
征缴,1
重工业,1
责任,1
公务,1
一门,1
传媒,1
劳动,1
网商,1
播放,1
汇丰银行,2
还要,2
微型,2
学前教育,2
繁重,2
旅游者,2
增减,2
三级,2
晚上,2
书款,2
队伍,2
交易市场,2
拉动,2
充分发挥,2
明确,2
困难群众,2
交通银行,2
饮水,2
受益,2
幸福村,2
修复,2
组成,2
铺开,2
团体,2
官渡,2
税费,2
引入,2
补助,2
校园,2
指将,2
总会,2
合作社,2
退出,2
思想道德,2
重阳,2
决策程序,2
万立方米,2
支撑,2
采取,2
供销社,2
万张,2
环评,2
深入基层,2
重视,2
艺术,2
低收入,2
第三届,2
编制工作,2
教师队伍,2
现已,2
从而,2
保障性,2
待遇,2
上半年,2
烟叶,2
民族,2
中央财政,2
个体户,2
集群,2
危旧房,2
严控,2
知多少,2
控股,2
南站,2
粤华,2
依法行政,2
形成,2
加载,2
受理,2
时段,2
瓶颈,2
田螺,2
城乡建设,2
钢材,2
规范化,2
饮用水,2
监测仪器,2
院校,2
阶段,2
发射台,2
网上,2
基金,2
建设工程,2
解放思想,2
犁市,2
国民经济,2
初步,2
百项,2
本地,2
其余,2
市场主体,2
企事业,2
目的,2
产出,2
一线,2
在校学生,2
公立医院,2
法律咨询,2
家属,2
正确,2
智能,2
乘坐,2
结果,2
卫生院,2
侨务,2
建议,2
更好,2
没有,2
法律,2
民主党派,2
承担,2
荣获,2
储备,2
娱乐,2
供销,2
北侧,2
打通,2
恳亲,2
附件,2
视频,2
复审,2
申领,2
技工学校,2
智慧,2
有力,2
涉及,2
监控,2
政策措施,2
共享,2
生态景观,2
许可证,2
授权,2
商务中心,2
联通,2
专利申请,2
康桥,2
互通,2
拆除,2
市县,2
转化,2
口岸,2
常委会,2
发展观,2
技术人员,2
煤矸石,2
美化,2
党政,2
物流业,2
驱动,2
公文,2
减轻,2
家具,2
大源,2
年度,2
建局,2
指数,2
遗留问题,2
司法,2
安全感,2
这个,2
国检,2
就是,2
支教,2
市场占有率,2
投保,2
进出口,2
储量,2
关键,2
酒店,2
贫困户,2
批准,2
图书室,2
新开,2
不变价格,2
民政局,2
集团,2
食品药品,2
提质,2
义务教育,2
社会福利,2
经济总量,2
厨房,2
交易中心,2
重组,2
摄像头,2
效益,2
纠风,2
约束,2
建筑,2
进步奖,2
密度,2
不同,2
总数,2
水利枢纽,2
便民服务,2
最终,2
县级,2
筹集,2
环保局,2
高于,2
目录,2
决定,2
大中型,2
莲花山,2
周转,2
有待,2
甘蔗,2
数字电视,2
里程,2
集体经济,2
港澳,2
全线,2
华溪,2
交通局,2
占地面积,2
高中,2
珠三角,2
配套,2
廉政建设,2
模式,2
中药,2
位于,2
兴业,2
工伤,2
旭日,2
照明,2
转盘,2
黄岗至,2
邮政,2
市中心区,2
计生,2
瑶族乡,2
合同,2
合理,2
持平,2
全长,2
华泰,2
具备,2
首问,2
国企,2
消费者,2
详细,2
国家级,2
培训班,2
市长,2
两癌,2
市政协,2
绿道,2
毫米,2
指挥,2
问政,2
餐饮企业,2
规模化,2
差距,2
智能卡,2
市场监管,2
代建局,2
韶冶,2
试点单位,2
我省,2
淘汰,2
后劲,2
经验,2
通信,2
周转量,2
干部,2
扩容,2
有线,2
群体,2
学士学位,2
产学研,2
监测站,2
公交化,2
涨幅,2
产业结构,2
支队,2
控制,2
创新能力,2
美丽,2
金融服务,2
下放,2
普遍,2
云髻,2
岭南,2
一定,2
妇女,2
责任保险,2
教学,2
自觉,2
深渡水,2
内部,2
降低,2
比例,2
公益性,2
服装,2
鱼塘,2
连接线,2
一把手,2
负担,2
总收入,2
激活,2
防灾,2
违法,2
双拥,2
私营企业,2
补偿,2
高速,2
试产,2
预防,2
总产值,2
顺利,2
宫颈癌,2
资格,2
集中,2
民间,2
宣传,2
专项资金,2
形势,2
公平,2
领先,2
自来水,2
构建,2
集体,2
政协,2
机械装备,2
循环,2
规定,2
表示,2
街道,2
森林公园,2
两测,2
运作,2
污染,2
一年,2
出台,2
总部,2
排涝,2
扩张,2
幸福,2
污水处理,2
黄陂,2
进城,2
成本,2
服务质量,2
计量单位,2
生物制药,2
预期,2
南水,2
维护,2
发明专利,2
烟草,2
增量,2
模范城,2
资源共享,2
零售总额,2
满足,2
建新,2
到位,2
程序,2
先进,2
数量,2
难题,2
委托,2
等级,2
就餐,2
延伸,2
车道,2
加工场,2
强镇,2
过夜,2
参保,2
商品住宅,2
国土,2
减免,2
站点,2
缩短,2
步伐,2
外出,2
承接,2
稀土,2
外事,2
用户,2
超市,2
动力,2
活力,2
办学,2
节庆,2
法人,2
电视,2
火炬计划,2
钢铁,2
优惠,2
扩展,2
交流,2
第六届,2
载体,2
二期,2
减灾,2
四送,2
武警,2
钢结构,2
每年,2
共建,2
流转,2
国际,2
电视台,2
试点工作,2
国内外,2
通用,2
现有,2
校企,2
班线,2
电子政务,2
十三届,2
革命,2
特点,2
设计,2
中国,2
招生,2
具体,2
服务中心,2
会诊,2
中医院,2
特色产业,2
及时,2
调处,2
张氏,2
自动,2
公交站,2
广大,2
人防,2
领导小组,2
选址,2
竞争力,2
控制性,2
评审,2
收运,2
编制,2
小学,2
政府职能,2
效果,2
规则,2
新一轮,2
优质,2
技工,2
退休,2
啤酒,2
未成年人,2
沐溪,2
台商,2
赤水,2
耕地,2
社局,2
学院,2
反哺,2
深入,2
依靠,2
国电,2
子女,2
预计,2
低效,2
新型农村,2
政银保,2
亿支,2
蔬菜,2
理念,2
微波,2
气站,2
居民家庭,2
巩固,2
功能区,2
复杂,2
市代建局,2
传统,2
议案,2
南路,2
加气,2
水果,2
特别,2
高级,2
普通中学,2
农超,2
衔接,2
进度,2
必须,2
操作,2
支行,2
纪念,2
办结,2
缓解,2
增幅,2
救灾,2
工业园区,2
分批,2
IC卡,2
荒山,2
作战,2
住户,2
和县,2
林带,2
周年,2
看到,2
预警系统,2
种养,2
财产险,2
合格率,2
韶瑞,2
空气质量,2
尽快,2
卫生城市,2
净增,2
整理,2
利益,2
编写,2
救助,2
供水,2
惠能,2
委员会,2
公路局,2
进展,2
形式,2
大米,2
利用外资,2
开拓,2
较大,2
粤东,2
生物质能,2
引进,2
人民团体,2
拆旧,2
方便,2
市人大,2
协会,2
福利事业,2
周岁,2
连接,2
景观,2
立项,2
称为,2
用电量,2
加速,2
平安,3
委员,3
发生,3
初中,3
品牌,3
北路,3
餐饮业,3
内涝,3
展览,3
一次,3
太阳能,3
建筑业,3
纺织,3
总体,3
平稳,3
涂料,3
吸引,3
居住,3
封山育林,3
优生,3
电子商务,3
医疗保险,3
全面实施,3
流程,3
存量,3
和谐,3
针对,3
统计局,3
投放,3
第一产业,3
调控,3
粤北,3
体制,3
具有,3
其他,3
拥有,3
精品,3
采用,3
开始,3
均等化,3
房地产,3
能源,3
强市,3
出租车,3
生活区,3
碳汇,3
新进展,3
在建,3
普及率,3
力争,3
一是,3
航道,3
产量,3
设立,3
新华,3
名镇,3
报告,3
棚户区,3
家庭,3
二是,3
要素,3
测评,3
用于,3
两级,3
市属,3
场次,3
严格,3
职工,3
公共汽车,3
拨付,3
办公室,3
场所,3
中心镇,3
常住人口,3
矛盾,3
南郊,3
进步,3
安全事故,3
重工,3
零售业,3
小包装,3
责任制,3
高新技术,3
特色,3
入学率,3
自然保护区,3
食品安全,3
习近平,3
土地利用,3
健全,3
世界,3
移动,3
帮助,3
能耗,3
热水器,3
图书馆,3
卫生局,3
最大,3
中等职业,3
电话,3
外商,3
新馆,3
各县,3
自然灾害,3
韶南,3
山洪,3
稳定,3
方面,3
用电,3
有色金属,3
核心,3
注重,3
月底,3
检查,3
节约,3
第二产业,3
事故,3
食盐,3
共有,3
办法,3
应急,3
价格下降,3
管委会,3
气象,3
宜居,3
文化产业,3
乐昌市,3
部署,3
预警,3
保持,3
装备,3
系列,3
临时,3
双制,3
三个,3
统计,3
公交线路,3
利税,3
财政支出,3
林业局,3
交通拥堵,3
因素,3
先行,3
户籍,3
服务体系,3
灾害,3
所有,3
西路,3
中小,3
养老,3
健康检查,3
江河,3
始兴县,3
港澳台,3
燃料,3
保费,3
压力,3
骨干,3
探索,3
分流,3
农户,3
教育局,3
申请,3
资产,3
一级,3
运动场,3
名村,3
出发,3
产能,3
了解,3
外贸,3
失业率,3
扣除,3
线路,3
工矿,3
成果,3
公益林,3
始兴,3
招工,3
上述,3
有效,3
物流,3
旅游业,3
评估,3
两个,3
六祖,3
成效,3
影响,3
家乡,3
行为,3
建筑面积,3
仁矿,3
百旺,3
电影,3
生育,3
联运,3
纳入,3
主体工程,3
视察,3
乳源瑶族自治县,3
进程,3
通往,3
处置,3
一体化,3
床位,3
根据,3
支付,3
残疾人,3
覆盖,3
前期工作,3
五保,3
巴寨,3
十里,3
城镇居民,3
机械,3
高等教育,3
社会主义,3
十八,3
原曲,3
休闲,3
成为,3
省委,3
商品房,3
西北地区,3
谋划,3
落后,3
政府部门,3
万公顷,3
采购,3
大广,3
殡葬,3
交易,3
示范区,3
华彩,3
档案,3
效能,3
隐患,3
印发,3
统筹,3
周边,3
宜业,3
资本,3
利用,3
总书记,3
防控,3
招商,3
安装,3
韶能,3
压缩,3
本外币,3
热点,3
个人,3
铁海,3
孕前,3
房屋,3
保护区,3
参与,3
体制改革,4
经济损失,4
挂钩,4
带动力,4
归侨,4
敬老院,4
居民消费,4
为民,4
公众,4
南华,4
集约,4
办好,4
铺设,4
钠盐,4
计算,4
老城区,4
翁源,4
三年,4
广播,4
该局,4
防治,4
事业单位,4
农田,4
五里亭,4
市级,4
支配,4
全面完成,4
平方公里,4
优先,4
同步,4
限额,4
发光,4
环保,4
仁化县,4
使用,4
惠民,4
人大,4
省政府,4
主体,4
鼓励,4
作风,4
流通,4
办实事,4
垃圾,4
精神,4
节能,4
合适,4
作用,4
事项,4
大桥,4
务工人员,4
产业化,4
振兴,4
范围,4
大楼,4
地方,4
村庄,4
贫困村,4
试点,4
劳动力,4
平均,4
基础,4
龙头企业,4
死亡率,4
华侨,4
津贴,4
设备,4
历史,4
扎实,4
协调,4
异地,4
贸易,4
补贴,4
符合,4
各位,4
余额,4
首次,4
工作力度,4
筹资,4
五个,4
决策,4
硬化,4
达到,4
医院,4
城管局,4
加工,4
仁化,4
办公,4
阳光,4
进入,4
竣工,4
截至,4
融资,4
零售,4
施工,4
各类,4
统一,4
治理,4
今年,4
结合,4
三次,4
要求,4
升级,4
百分点,4
总额,4
提出,4
辐射,4
换发,4
游客,4
财政,4
国道,4
水泥,4
需求,4
超额完成,4
动工,4
粮油,4
新津,4
扶贫开发,4
服务业,4
当年,4
认真落实,4
新能源,4
搬迁,4
文明,4
廉政,4
仪式,4
增强,4
总量,4
帮扶,4
社保卡,4
商业,4
考核,4
桥底,4
接受,4
董塘镇,4
事业,4
战略,4
财政局,4
改进,4
负责,4
联合,4
亿吨,4
二代,4
地块,4
经济社会,4
定位,4
费用,4
商贸,4
铁路,4
造林,4
监察,4
发电,5
固定资产,5
成功,5
广东省,5
农村居民,5
市委,5
机关,5
天然气,5
县域,5
部分,5
医疗卫生,5
民营,5
审计,5
住宿,5
乳源,5
调整,5
现代化,5
自行车,5
优势,5
结构,5
园区,5
养老保险,5
培养,5
自然村,5
各项,5
深化改革,5
现代农业,5
国有,5
示范村,5
成立,5
多功能,5
实事,5
登记,5
纯收入,5
国家森林公园,5
人数,5
员工,5
公共财政,5
新建,5
食品,5
绿化,5
分别,5
成绩,5
重大,5
地质灾害,5
纠纷,5
有序,5
举行,5
及其,5
大会,5
矿石,5
政务,5
风险,5
经营,5
争取,5
玩具,5
广乐,5
实行,5
学校食堂,5
筛查,5
武江,5
扩大,5
医疗,5
监督,5
制造业,5
一种,5
确定,5
中学,5
合作,5
科技,5
努力,5
发挥,5
办理,5
租赁,5
基层,5
持续,5
中央,5
累计,5
对接,5
深化,5
方案,5
得到,5
学生,5
应用,5
下达,5
时间,5
重要,5
组建,5
死亡,5
城镇化,5
信息,5
销售额,5
预算,5
万户,5
零售额,5
关系,6
扶持,6
开工,6
土地,6
新型,6
居民,6
突出,6
综合体,6
招标,6
减排,6
种植,6
支出,6
部门,6
推广,6
农场,6
商品,6
业务,6
技能,6
电子,6
以下,6
信息化,6
正在,6
平价商店,6
设施,6
科学,6
社区,6
路面,6
以及,6
批发,6
转型,6
失业,6
高龄,6
按照,6
第三产业,6
南雄,6
比重,6
推行,6
深入开展,6
图书,6
广播电视,6
收费站,6
购置,6
投入使用,6
领域,6
农产品,6
一卡通,6
开放,6
带动,6
文体活动,6
卫生,6
亿美元,6
领导,6
工业园,6
功能,6
收费,6
新丰,6
重点项目,6
监管,6
幼儿园,6
执法,6
贫困,6
购买,6
金融机构,7
产品,7
中小企业,7
基地,7
健康,7
城区,7
水库,7
标准,7
基础设施,7
亿千瓦,7
从业人员,7
监测,7
消费品,7
做好,7
包括,7
销售,7
率先,7
直接,7
乡镇,7
公交车,7
更加,7
新增,7
示范,7
广东,7
林业,7
条件,7
为市,7
乐昌,7
低保,7
贷款,7
现代,7
乡贤,7
平价,7
覆盖率,7
我们,7
体育,7
价格上涨,7
产业园,7
享受,7
能力,7
会议,7
举办,7
地区,7
三旧,7
省级,7
保护,7
住房,7
共同,7
万人次,7
乡村,7
公司,7
情况,8
引导,8
代表,8
重金属,8
保险,8
一批,8
万平方米,8
客运,8
规范,8
大力发展,8
高速公路,8
大道,8
整合,8
网络,8
机构,8
路段,8
行业,8
去年,8
维修,8
制定,8
文明城市,8
老人,8
人民,9
小时,9
打造,9
转变,9
金融,9
同时,9
困难,9
城乡居民,9
实际,9
作为,9
措施,9
启动,9
林场,9
参加,9
投入,9
支持,9
进一步,9
区域,9
目标,9
政策,9
绿色,9
抓好,9
公共资源,9
平方米,9
取得,10
全部,10
新城,10
公交,10
全国,10
社会保障,10
平台,10
年底,10
丹霞山,10
价格,10
继续,10
专业,10
市场,10
人才,10
开发,10
提升,10
生活,10
坚持,10
减少,10
质量,10
系统,10
机制,11
主要,11
全省,11
全面,11
曲江,11
安全,11
改善,11
提供,11
安置,11
芙蓉,11
进行,11
计划,11
道路,11
汽车,11
景区,11
方式,11
发放,11
健身,11
培训,11
公共,11
转移,12
群众,12
强化,12
建立,12
市民,12
通过,12
万亩,12
人员,12
农民,12
农业,12
大力,13
学校,13
北江,13
水平,13
森林,13
保障,13
任务,13
力度,13
城乡,13
消费,13
城镇,14
推动,14
审批,14
交通,14
公共服务,14
制度,14
培育,14
国家,14
公路,15
规模,15
我市,15
解决,15
体系,15
整治,15
生产总值,15
创建,15
资源,15
促进,15
广场,15
民生,15
免费,15
生态,15
就业,16
收入,16
着力,16
创新,16
教育,16
中心,16
环境,16
生产,16
规划,16
上年,17
市区,17
问题,17
落实,17
实现,17
下降,18
资金,18
活动,18
用地,19
优化,19
重点,19
单位,19
建成,19
出口,19
增加,19
牵头,19
人均,19
行政,19
综合,20
人口,20
积极,20
完善,21
改革,21
加大,21
面积,22
市政府,22
管理,22
旅游,23
经济,24
城市,24
产业,24
增加值,25
提高,25
改造,26
开展,27
文化,27
基本,27
组织,27
韶关市,28
以上,29
农村,30
服务,31
政府,33
企业,38
加快,39
实施,41
投资,41
加强,43
工程,44
工业,49
社会,51
由市,52
公开,54
承诺,54
工作,58
完成,62
推进,67
项目,74
发展,102
建设,142
